Pathway,F_statistic,P_value,Effect_size,Significant
Carbohydrate_Metabolism,5.012167655971136,0.08158712364060516,0.0012900075614437412,False
Amino_Acid_Metabolism,11.029471622065078,0.004026991084555162,0.003867011401312667,True
Lipid_Metabolism,12.768256621587097,0.001688139387315687,0.00461167307134351,True
Energy_Metabolism,12.359340159908855,0.002071111042984984,0.0044365482483549705,True
Immune_Response,8.646938183055184,0.013253824966028685,0.002846654468117852,True
